    {
    
    "作者":"路飞影视",
    
    "站名":"007影院",
    
    "主页url":"https://www.007ts.me/",
    
    "简介":"路飞影视提醒您请勿相信影片中的广告，以免上当受骗！欢迎加入QQ交流群:996959090 +简介：&&</p>",
    
    "导演":"导演：&&</p>",
    
    "主演":"主演：&&</p>",
    
    "影片状态":"状态：&&</p>",
    
    "影片类型":"类型：&& /",
    
    "影片地区":"地区：&&</p>",
    
    "影片年代":"年份：&&</p>",
    
    "数组":"stui-vodlist__thumb&&</a>",
    
    "标题":"title=\"&&\"",
    
    "副标题":"pic-text text-right\"&&</span>",
    
    "图片":"data-original=\"&&\"",
    
    "链接":"href=\"&&\"",
    
    "搜索模式":"0",
    
    "搜索后缀":"/detail/",
    
    "线路数组":"data-toggle=&&</li>",
    
    "线路标题":"🐋路飞影视🐋+>&&</a>",
    
    "播放数组":"stui-content__playlist clearfix sort-list\">&&</ul>",
    
    "播放标题":">&&<",
    
    "播放列表":"<a&&/a>",
    
    "分类url":"https://www.007ts.me/show/{cateId}-{area}-{by}-{class}-{lang}----{catePg}---{year}.html;;ak",
    
    "分类":"电影$1#电视剧$2#动漫$3#综艺$4",
    
    "筛选":{
    "1":[
    {"key":"class","name":"剧情","value":[
    {"n":"全部剧情","v":""},
    {"n":"喜剧","v":"喜剧"},
    {"n":"爱情","v":"爱情"},
    {"n":"动作","v":"动作"},
    {"n":"科幻","v":"科幻"},
    {"n":"动画","v":"动画"},
    {"n":"悬疑","v":"悬疑"},
    {"n":"犯罪","v":"犯罪"},
    {"n":"惊悚","v":"惊悚"},
    {"n":"冒险","v":"冒险"},
    {"n":"音乐","v":"音乐"},
    {"n":"历史","v":"历史"},
    {"n":"奇幻","v":"奇幻"},
    {"n":"恐怖","v":"恐怖"}
    ]
    },
    {"key":"area","name":"地区","value":[
    {"n":"全部地区","v":""},
    {"n":"大陆","v":"大陆"},
    {"n":"香港","v":"香港"},
    {"n":"台湾","v":"台湾"},
    {"n":"韩国","v":"韩国"},
    {"n":"日本","v":"日本"},
    {"n":"美国","v":"美国"},
    {"n":"泰国","v":"泰国"},
    {"n":"新加坡","v":"新加坡"},
    {"n":"马来西亚","v":"马来西亚"},
    {"n":"印度","v":"印度"},
    {"n":"英国","v":"英国"},
    {"n":"法国","v":"法国"},
    {"n":"加拿大","v":"加拿大"}
    ]
    },
    {"key":"year","name":"时间","value":[
    {"n":"全部时间","v":""},
    {"n":"2023","v":"2023"},
    {"n":"2022","v":"2022"},
    {"n":"2021","v":"2021"},
    {"n":"2020","v":"2020"},
    {"n":"2019","v":"2019"},
    {"n":"2018","v":"2018"},
    {"n":"2017","v":"2017"},
    {"n":"2016","v":"2016"},
    {"n":"2015","v":"2015"},
    {"n":"2014","v":"2014"},
    {"n":"2013","v":"2013"},
    {"n":"2012","v":"2012"}
    ]
    }
    ],
    "2":[
    {"key":"class","name":"剧情","value":[
    {"n":"全部剧情","v":""},
    {"n":"喜剧","v":"喜剧"},
    {"n":"爱情","v":"爱情"},
    {"n":"悬疑","v":"悬疑"},
    {"n":"动画","v":"动画"},
    {"n":"武侠","v":"武侠"},
    {"n":"古装","v":"古装"},
    {"n":"家庭","v":"家庭"},
    {"n":"犯罪","v":"犯罪"},
    {"n":"科幻","v":"科幻"},
    {"n":"恐怖","v":"恐怖"},
    {"n":"历史","v":"历史"},
    {"n":"战争","v":"战争"},
    {"n":"动作","v":"动作"}
    ]
    },
    {"key":"area","name":"地区","value":[
    {"n":"全部地区","v":""},
    {"n":"大陆","v":"大陆"},
    {"n":"香港","v":"香港"},
    {"n":"台湾","v":"台湾"},
    {"n":"韩国","v":"韩国"},
    {"n":"日本","v":"日本"},
    {"n":"美国","v":"美国"},
    {"n":"泰国","v":"泰国"},
    {"n":"新加坡","v":"新加坡"},
    {"n":"马来西亚","v":"马来西亚"},
    {"n":"印度","v":"印度"},
    {"n":"英国","v":"英国"},
    {"n":"法国","v":"法国"},
    {"n":"加拿大","v":"加拿大"}
    ]
    },
    {"key":"year","name":"时间","value":[
    {"n":"全部时间","v":""},
    {"n":"2023","v":"2023"},
    {"n":"2022","v":"2022"},
    {"n":"2021","v":"2021"},
    {"n":"2020","v":"2020"},
    {"n":"2019","v":"2019"},
    {"n":"2018","v":"2018"},
    {"n":"2017","v":"2017"},
    {"n":"2016","v":"2016"},
    {"n":"2015","v":"2015"},
    {"n":"2014","v":"2014"},
    {"n":"2013","v":"2013"},
    {"n":"2012","v":"2012"}
    ]
    }
    ],
    "3":[
    {"key":"class","name":"剧情","value":[
    {"n":"全部剧情","v":""},
    {"n":"情感","v":"情感"},
    {"n":"科幻","v":"科幻"},
    {"n":"热血","v":"热血"},
    {"n":"推理","v":"推理"},
    {"n":"搞笑","v":"搞笑"},
    {"n":"冒险","v":"冒险"},
    {"n":"萝莉","v":"萝莉"},
    {"n":"校园","v":"校园"},
    {"n":"动作","v":"动作"},
    {"n":"机战","v":"机战"},
    {"n":"运动","v":"运动"},
    {"n":"战争","v":"战争"},
    {"n":"少年","v":"少年"}
    ]
    },
    {"key":"area","name":"地区","value":[
    {"n":"全部地区","v":""},
    {"n":"大陆","v":"大陆"},
    {"n":"香港","v":"香港"},
    {"n":"台湾","v":"台湾"},
    {"n":"韩国","v":"韩国"},
    {"n":"日本","v":"日本"},
    {"n":"美国","v":"美国"},
    {"n":"泰国","v":"泰国"},
    {"n":"新加坡","v":"新加坡"},
    {"n":"马来西亚","v":"马来西亚"},
    {"n":"印度","v":"印度"},
    {"n":"英国","v":"英国"},
    {"n":"法国","v":"法国"},
    {"n":"加拿大","v":"加拿大"}
    ]
    },
    {"key":"year","name":"时间","value":[
    {"n":"全部时间","v":""},
    {"n":"2023","v":"2023"},
    {"n":"2022","v":"2022"},
    {"n":"2021","v":"2021"},
    {"n":"2020","v":"2020"},
    {"n":"2019","v":"2019"},
    {"n":"2018","v":"2018"},
    {"n":"2017","v":"2017"},
    {"n":"2016","v":"2016"},
    {"n":"2015","v":"2015"},
    {"n":"2014","v":"2014"},
    {"n":"2013","v":"2013"},
    {"n":"2012","v":"2012"}
    ]
    }
    ],
    "4":[
    {"key":"class","name":"剧情","value":[
    {"n":"全部剧情","v":""},
    {"n":"脱口秀","v":"脱口秀"},
    {"n":"真人秀","v":"真人秀"},
    {"n":"选秀","v":"选秀"},
    {"n":"八卦","v":"八卦"},
    {"n":"访谈","v":"访谈"},
    {"n":"情感","v":"情感"},
    {"n":"生活","v":"生活"},
    {"n":"搞笑","v":"搞笑"},
    {"n":"音乐","v":"音乐"}
    ]
    },
    {"key":"area","name":"地区","value":[
    {"n":"全部地区","v":""},
    {"n":"大陆","v":"大陆"},
    {"n":"香港","v":"香港"},
    {"n":"台湾","v":"台湾"},
    {"n":"韩国","v":"韩国"},
    {"n":"日本","v":"日本"},
    {"n":"美国","v":"美国"},
    {"n":"泰国","v":"泰国"},
    {"n":"新加坡","v":"新加坡"},
    {"n":"马来西亚","v":"马来西亚"},
    {"n":"印度","v":"印度"},
    {"n":"英国","v":"英国"},
    {"n":"法国","v":"法国"},
    {"n":"加拿大","v":"加拿大"}
    ]
    },
    {"key":"year","name":"时间","value":[
    {"n":"全部时间","v":""},
    {"n":"2023","v":"2023"},
    {"n":"2022","v":"2022"},
    {"n":"2021","v":"2021"},
    {"n":"2020","v":"2020"},
    {"n":"2019","v":"2019"},
    {"n":"2018","v":"2018"},
    {"n":"2017","v":"2017"},
    {"n":"2016","v":"2016"},
    {"n":"2015","v":"2015"},
    {"n":"2014","v":"2014"},
    {"n":"2013","v":"2013"},
    {"n":"2012","v":"2012"}
    ]
    }
    ]
    }
    }