{

"作者":"路飞影视",

"站名":"耐看影视",

"主页url":"https://www.nkvod.com/",

"简介":"路飞影视提醒您请勿相信影片中的广告，以免上当受骗！欢迎加入QQ交流群:996959090 +<p&&</p>",

"导演":"导演：&&</div>",

"主演":"主演：&&</div>",

"影片状态":"集数：&&</div>",

"影片类型":"module-info-tag\">&&立即播放",

"搜索模式":"1",

"搜索url":"/nk/-------------.html?wd={wd}",

"搜索数组":"module-card-item-class\">&&</a>",

"搜索标题":"alt=\"&&\"",

"搜索副标题":"note\">&&</div>",

"搜索图片":"data-original=\"&&\"",

"搜索链接":"href=\"&&\"",

"线路数组":"data-dropdown-value=&&</div>",

"线路标题":"路飞影视-+<span>&&</small>[替换:</span><small>>>🐋共]+集🐋",

"分类url":"https://www.nkvod.com/show/{cateId}--{by}------{catePg}---{year}.html;;ak",

"分类":"电影$1#电视剧$2#综艺$3#动漫$4"}