    {
    
    "作者":"路飞影视",
    
    "站名":"酷茶影视",
    
    "主页url":"https://www.kcys.top/",
    
    "简介":"路飞影视提醒您请勿相信影片中的广告，以免上当受骗！欢迎加入QQ交流群:996959090 +<p&&</p>",
    
    "影片状态":"备注：&&</div>",
    
    "影片类型":"module-info-tag\">&&立即播放",
    
    "线路数组":"data-dropdown-value=&&</div>[不包含:新狼][排序:线路]",
    
    "线路标题":"路飞影视-+<span>&&</small>[替换:企鹅>>腾讯#支线>>线路#奇翼>>奇艺#忧酷>>优酷#</span><small>>>🐋共]+集🐋",
    
    "分类url":"https://www.kcys.top/index.php/vod/show/area/{area}/by/{by}/class/{class}/id/{cateId}/lang/{lang}/page/{catePg}/year/{year}.html;;ak",
    
    "分类":"电影$20#电视剧$21#动漫$22#综艺$23#体育$49"}