    {
    
    "作者":"路飞影视",
    
    "站名":"歪片星球",
    
    "主页url":"https://waipian14.com/",
    
    "简介":"路飞影视提醒您请勿相信影片中的广告，以免上当受骗！欢迎加入QQ交流群:996959090 +module-info-introduction-content\">&&</div>",
    
    "导演":"导演：&&</div>",
    
    "主演":"主演：&&</div>",
    
    "影片状态":"集数：&&</div>",
    
    "影片类型":"module-info-tag\">&&</a></div></div>",
    
    "数组":"<a&&</div></div></a>",
    
    "标题":"title=\"&&\"",
    
    "副标题":"note\">&&</div>",
    
    "图片":"data-src=\"&&\"",
    
    "链接":"href=\"&&\"",
    
    "搜索url":"https://waipian14.com/search-{wd}-------------/",
    
    "搜索数组":"module-card-item-class\">&&</a>",
    
    "搜索标题":"alt=\"&&\"",
    
    "搜索副标题":"note\">&&</div>",
    
    "搜索图片":"data-src=\"&&\"",
    
    "搜索链接":"href=\"&&\"",
    
    "线路数组":"data-dropdown-value=&&</div>[不包含:SD源#BD源#TK源#UK源#WJ源#BJ源#HN源]",
    
    "线路标题":"路飞影视-+>&&</small>[替换:</span><small>>>🐋共]+集🐋",
    
    "分类url":"https://waipian14.com/show-{cateId}-{area}-{by}-{class}-----{catePg}---{year}/;;am0k",
    
    "分类":"电影$dianying#电视剧$juji#综艺$zongyi#动漫$dongman#纪录片$jilupian"}