    {
    
    "作者":"路飞影视",
    
    "站名":"花猫TV",
    
    "请求头":"手机",
    
    "主页url":"http://www.huamaotv.com/",
    
    "简介":"路飞影视提醒您请勿相信影片中的广告，以免上当受骗！欢迎加入QQ交流群:996959090 +简介：</span>&&立即播放+。站点剧情介绍不完整，简介暂时无法提供…",
    
    "影片类型":"类型：&&</a>",
    
    "影片地区":"地区：&&</a>",
    
    "影片年代":"年份：&&</a>",
    
    "影片状态":"年份：&&</a>+年上映",
    
    "数组":"stui-vodlist__thumb&&</a>",
    
    "图片":"data-original=\"&&\"",
    
    "标题":"title=\"&&\"",
    
    "副标题":"pic-text\">&&</span>",
    
    "链接":"href=\"&&\"",
    
    "搜索url":"/index.php?m=vod-search;post;wd={wd}",
    
    "搜索数组":"vodlist__thumb lazyload\"&&</a>",
    
    "搜索标题":"title=\"&&\"",
    
    "搜索副标题":"pic-text\">&&</span>",
    
    "搜索图片":"data-original=\"&&\"",
    
    "搜索链接":"href=\"&&\"",
    
    "搜索模式":"1",
    
    "搜索后缀":"/detail/",
    
    "线路数组":"</span><h3&&/h3>[不包含:WJ节点#SD节点#FS节点#UK节点]",
    
    "线路标题":"🐋路飞影视🐋+>&&<",
    
    "播放数组":"stui-content__playlist clearfix\">&&</ul>",
    
    "播放标题":">&&<",
    
    "播放列表":"<a&&/a>",
    
    "分类url":"http://www.huamaotv.com/list/{cateId}_{catePg}_desc_{by}_{class}_{year}__{area}_{lang}.html",
    
    "分类":"电影$1#电视剧$2#综艺$3#动漫$4",
    
    "筛选":{
    "1":[
    {"key":"cateId","name":"类型","value":[
    {"n":"全部类型","v":""},
    {"n":"动作片","v":"5"},
    {"n":"喜剧片","v":"6"},
    {"n":"爱情片","v":"7"},
    {"n":"科幻片","v":"8"},
    {"n":"恐怖片","v":"9"},
    {"n":"剧情片","v":"10"},
    {"n":"战争片","v":"11"},
    {"n":"奇幻片","v":"16"},
    {"n":"惊悚片","v":"17"},
    {"n":"动画片","v":"18"},
    {"n":"悬疑片","v":"19"},
    {"n":"犯罪片","v":"20"},
    {"n":"纪录片","v":"21"},
    {"n":"音乐片","v":"22"},
    {"n":"微电影","v":"23"},
    {"n":"福利片","v":"36"}
    ]
    },
    {"key":"class","name":"剧情","value":[
    {"n":"全部剧情","v":""},
    {"n":"惊悚","v":"1"},
    {"n":"悬疑","v":"2"},
    {"n":"魔幻","v":"3"},
    {"n":"罪案","v":"4"},
    {"n":"灾难","v":"5"},
    {"n":"动画","v":"6"},
    {"n":"古装","v":"7"},
    {"n":"青春","v":"8"},
    {"n":"歌舞","v":"9"},
    {"n":"文艺","v":"10"},
    {"n":"生活","v":"11"},
    {"n":"历史","v":"12"},
    {"n":"励志","v":"13"},
    {"n":"预告片","v":"14"}
    ]
    },
    {"key":"area","name":"地区","value":[
    {"n":"全部地区","v":""},
    {"n":"大陆","v":"大陆"},
    {"n":"香港","v":"香港"},
    {"n":"台湾","v":"台湾"},
    {"n":"美国","v":"美国"},
    {"n":"韩国","v":"韩国"},
    {"n":"日本","v":"日本"},
    {"n":"泰国","v":"泰国"},
    {"n":"新加坡","v":"新加坡"},
    {"n":"马来西亚","v":"马来西亚"},
    {"n":"印度","v":"印度"},
    {"n":"英国","v":"英国"},
    {"n":"法国","v":"法国"},
    {"n":"加拿大","v":"加拿大"},
    {"n":"西班牙","v":"西班牙"},
    {"n":"俄罗斯","v":"俄罗斯"},
    {"n":"其它","v":"其它"}
    ]
    },
    {"key":"year","name":"时间","value":[
    {"n":"全部时间","v":""},
    {"n":"2023","v":"2023"},
    {"n":"2022","v":"2022"},
    {"n":"2021","v":"2021"},
    {"n":"2020","v":"2020"},
    {"n":"2019","v":"2019"},
    {"n":"2018","v":"2018"},
    {"n":"2017","v":"2017"},
    {"n":"2016","v":"2016"},
    {"n":"2015","v":"2015"},
    {"n":"2014","v":"2014"},
    {"n":"2013","v":"2013"},
    {"n":"2012","v":"2012"},
    {"n":"2011","v":"2011"},
    {"n":"2010","v":"2010"},
    {"n":"2009","v":"2009"},
    {"n":"2008","v":"2008"},
    {"n":"2007","v":"2007"},
    {"n":"2006","v":"2006"},
    {"n":"2005","v":"2005"},
    {"n":"2004","v":"2004"},
    {"n":"2003","v":"2003"}
    ]
    },
    {"key":"lang","name":"语言","value":[
    {"n":"全部语言","v":""},
    {"n":"国语","v":"国语"},
    {"n":"英语","v":"英语"},
    {"n":"粤语","v":"粤语"},
    {"n":"闽南语","v":"闽南语"},
    {"n":"韩语","v":"韩语"},
    {"n":"日语","v":"日语"},
    {"n":"法语","v":"法语"},
    {"n":"德语","v":"德语"},
    {"n":"其它","v":"其它"}
    ]
    },
    {"key":"by","name":"排序","value":[
    {"n":"全部排序","v":""},
    {"n":"时间排序","v":"time"},
    {"n":"人气排序","v":"hits"},
    {"n":"评分排序","v":"score"}
    ]
    }
    ],
    "2":[
    {"key":"cateId","name":"类型","value":[
    {"n":"全部类型","v":""},
    {"n":"大陆","v":"12"},
    {"n":"港剧","v":"13"},
    {"n":"韩剧","v":"14"},
    {"n":"美剧","v":"15"},
    {"n":"日剧","v":"24"},
    {"n":"台剧","v":"25"},
    {"n":"泰剧","v":"26"},
    {"n":"越剧","v":"27"}
    ]
    },
    {"key":"class","name":"剧情","value":[
    {"n":"全部剧情","v":""},
    {"n":"言情","v":"15"},
    {"n":"都市","v":"16"},
    {"n":"家庭","v":"17"},
    {"n":"生活","v":"18"},
    {"n":"偶像","v":"19"},
    {"n":"喜剧","v":"20"},
    {"n":"历史","v":"21"},
    {"n":"古装","v":"22"},
    {"n":"武侠","v":"23"},
    {"n":"刑侦","v":"24"},
    {"n":"战争","v":"25"},
    {"n":"神话","v":"26"},
    {"n":"军旅","v":"27"},
    {"n":"谍战","v":"28"},
    {"n":"商战","v":"29"},
    {"n":"校园","v":"30"},
    {"n":"穿越","v":"31"},
    {"n":"悬疑","v":"32"},
    {"n":"犯罪","v":"33"},
    {"n":"科幻","v":"34"},
    {"n":"预告片","v":"35"}
    ]
    },
    {"key":"area","name":"地区","value":[
    {"n":"全部地区","v":""},
    {"n":"大陆","v":"大陆"},
    {"n":"香港","v":"香港"},
    {"n":"台湾","v":"台湾"},
    {"n":"美国","v":"美国"},
    {"n":"韩国","v":"韩国"},
    {"n":"日本","v":"日本"},
    {"n":"泰国","v":"泰国"},
    {"n":"新加坡","v":"新加坡"},
    {"n":"马来西亚","v":"马来西亚"},
    {"n":"英国","v":"英国"},
    {"n":"法国","v":"法国"},
    {"n":"加拿大","v":"加拿大"},
    {"n":"西班牙","v":"西班牙"},
    {"n":"俄罗斯","v":"俄罗斯"},
    {"n":"其它","v":"其它"}
    ]
    },
    {"key":"year","name":"时间","value":[
    {"n":"全部时间","v":""},
    {"n":"2023","v":"2023"},
    {"n":"2022","v":"2022"},
    {"n":"2021","v":"2021"},
    {"n":"2020","v":"2020"},
    {"n":"2019","v":"2019"},
    {"n":"2018","v":"2018"},
    {"n":"2017","v":"2017"},
    {"n":"2016","v":"2016"},
    {"n":"2015","v":"2015"},
    {"n":"2014","v":"2014"},
    {"n":"2013","v":"2013"},
    {"n":"2012","v":"2012"},
    {"n":"2011","v":"2011"},
    {"n":"2010","v":"2010"},
    {"n":"2009","v":"2009"},
    {"n":"2008","v":"2008"},
    {"n":"2007","v":"2007"},
    {"n":"2006","v":"2006"},
    {"n":"2005","v":"2005"},
    {"n":"2004","v":"2004"},
    {"n":"2003","v":"2003"}
    ]
    },
    {"key":"lang","name":"语言","value":[
    {"n":"全部语言","v":""},
    {"n":"国语","v":"国语"},
    {"n":"英语","v":"英语"},
    {"n":"粤语","v":"粤语"},
    {"n":"闽南语","v":"闽南语"},
    {"n":"韩语","v":"韩语"},
    {"n":"日语","v":"日语"},
    {"n":"法语","v":"法语"},
    {"n":"德语","v":"德语"},
    {"n":"其它","v":"其它"}
    ]
    },
    {"key":"by","name":"排序","value":[
    {"n":"全部排序","v":""},
    {"n":"时间排序","v":"time"},
    {"n":"人气排序","v":"hits"},
    {"n":"评分排序","v":"score"}
    ]
    }
    ],
    "3":[
    {"key":"cateId","name":"类型","value":[
    {"n":"全部类型","v":""},
    {"n":"大陆综艺","v":"28"},
    {"n":"港台综艺","v":"29"},
    {"n":"日韩综艺","v":"30"},
    {"n":"欧美综艺","v":"31"}
    ]
    },
    {"key":"class","name":"剧情","value":[
    {"n":"全部剧情","v":""},
    {"n":"脱口秀","v":"36"},
    {"n":"真人秀","v":"37"},
    {"n":"选秀","v":"38"},
    {"n":"情感","v":"39"},
    {"n":"访谈","v":"40"},
    {"n":"时尚","v":"41"},
    {"n":"晚会","v":"42"},
    {"n":"财经","v":"43"},
    {"n":"益智","v":"44"},
    {"n":"音乐","v":"45"},
    {"n":"游戏","v":"46"},
    {"n":"职场","v":"47"},
    {"n":"美食","v":"48"},
    {"n":"旅游","v":"49"}
    ]
    },
    {"key":"area","name":"地区","value":[
    {"n":"全部地区","v":""},
    {"n":"大陆","v":"大陆"},
    {"n":"香港","v":"香港"},
    {"n":"台湾","v":"台湾"},
    {"n":"美国","v":"美国"},
    {"n":"韩国","v":"韩国"},
    {"n":"日本","v":"日本"},
    {"n":"泰国","v":"泰国"},
    {"n":"新加坡","v":"新加坡"},
    {"n":"马来西亚","v":"马来西亚"},
    {"n":"英国","v":"英国"},
    {"n":"法国","v":"法国"},
    {"n":"加拿大","v":"加拿大"},
    {"n":"西班牙","v":"西班牙"},
    {"n":"俄罗斯","v":"俄罗斯"},
    {"n":"其它","v":"其它"}
    ]
    },
    {"key":"year","name":"时间","value":[
    {"n":"全部时间","v":""},
    {"n":"2023","v":"2023"},
    {"n":"2022","v":"2022"},
    {"n":"2021","v":"2021"},
    {"n":"2020","v":"2020"},
    {"n":"2019","v":"2019"},
    {"n":"2018","v":"2018"},
    {"n":"2017","v":"2017"},
    {"n":"2016","v":"2016"},
    {"n":"2015","v":"2015"},
    {"n":"2014","v":"2014"},
    {"n":"2013","v":"2013"},
    {"n":"2012","v":"2012"},
    {"n":"2011","v":"2011"},
    {"n":"2010","v":"2010"},
    {"n":"2009","v":"2009"},
    {"n":"2008","v":"2008"},
    {"n":"2007","v":"2007"},
    {"n":"2006","v":"2006"},
    {"n":"2005","v":"2005"},
    {"n":"2004","v":"2004"},
    {"n":"2003","v":"2003"}
    ]
    },
    {"key":"lang","name":"语言","value":[
    {"n":"全部语言","v":""},
    {"n":"国语","v":"国语"},
    {"n":"英语","v":"英语"},
    {"n":"粤语","v":"粤语"},
    {"n":"闽南语","v":"闽南语"},
    {"n":"韩语","v":"韩语"},
    {"n":"日语","v":"日语"},
    {"n":"法语","v":"法语"},
    {"n":"德语","v":"德语"},
    {"n":"其它","v":"其它"}
    ]
    },
    {"key":"by","name":"排序","value":[
    {"n":"全部排序","v":""},
    {"n":"时间排序","v":"time"},
    {"n":"人气排序","v":"hits"},
    {"n":"评分排序","v":"score"}
    ]
    }
    ],
    "4":[
    {"key":"cateId","name":"类型","value":[
    {"n":"全部类型","v":""},
    {"n":"国产动漫","v":"32"},
    {"n":"日本动漫","v":"33"},
    {"n":"港台动漫","v":"34"},
    {"n":"其它动漫","v":"35"}
    ]
    },
    {"key":"class","name":"剧情","value":[
    {"n":"全部剧情","v":""},
    {"n":"冒险","v":"50"},
    {"n":"热血","v":"51"},
    {"n":"搞笑","v":"52"},
    {"n":"少女","v":"53"},
    {"n":"推理","v":"54"},
    {"n":"竞技","v":"55"},
    {"n":"益智","v":"56"},
    {"n":"童话","v":"57"},
    {"n":"经典","v":"58"}
    ]
    },
    {"key":"area","name":"地区","value":[
    {"n":"全部地区","v":""},
    {"n":"大陆","v":"大陆"},
    {"n":"香港","v":"香港"},
    {"n":"台湾","v":"台湾"},
    {"n":"美国","v":"美国"},
    {"n":"韩国","v":"韩国"},
    {"n":"日本","v":"日本"},
    {"n":"泰国","v":"泰国"},
    {"n":"新加坡","v":"新加坡"},
    {"n":"马来西亚","v":"马来西亚"},
    {"n":"英国","v":"英国"},
    {"n":"法国","v":"法国"},
    {"n":"加拿大","v":"加拿大"},
    {"n":"西班牙","v":"西班牙"},
    {"n":"俄罗斯","v":"俄罗斯"},
    {"n":"其它","v":"其它"}
    ]
    },
    {"key":"year","name":"时间","value":[
    {"n":"全部时间","v":""},
    {"n":"2023","v":"2023"},
    {"n":"2022","v":"2022"},
    {"n":"2021","v":"2021"},
    {"n":"2020","v":"2020"},
    {"n":"2019","v":"2019"},
    {"n":"2018","v":"2018"},
    {"n":"2017","v":"2017"},
    {"n":"2016","v":"2016"},
    {"n":"2015","v":"2015"},
    {"n":"2014","v":"2014"},
    {"n":"2013","v":"2013"},
    {"n":"2012","v":"2012"},
    {"n":"2011","v":"2011"},
    {"n":"2010","v":"2010"},
    {"n":"2009","v":"2009"},
    {"n":"2008","v":"2008"},
    {"n":"2007","v":"2007"},
    {"n":"2006","v":"2006"},
    {"n":"2005","v":"2005"},
    {"n":"2004","v":"2004"},
    {"n":"2003","v":"2003"}
    ]
    },
    {"key":"lang","name":"语言","value":[
    {"n":"全部语言","v":""},
    {"n":"国语","v":"国语"},
    {"n":"英语","v":"英语"},
    {"n":"粤语","v":"粤语"},
    {"n":"闽南语","v":"闽南语"},
    {"n":"韩语","v":"韩语"},
    {"n":"日语","v":"日语"},
    {"n":"法语","v":"法语"},
    {"n":"德语","v":"德语"},
    {"n":"其它","v":"其它"}
    ]
    },
    {"key":"by","name":"排序","value":[
    {"n":"全部排序","v":""},
    {"n":"时间排序","v":"time"},
    {"n":"人气排序","v":"hits"},
    {"n":"评分排序","v":"score"}
    ]
    }
    ]
    }
    }