    {
    
    "作者":"路飞影视",
    
    "站点":"奇优影院",
    
    "主页url":"http://www.qiyoudy1.com/",
    
    "简介":"路飞影视提醒您请勿相信影片中的广告，以免上当受骗！欢迎加入QQ交流群:996959090 +在线免费观看，&&</div>",
    
    "主演":"主演：&&</p>",
    
    "导演":"导演：&&</p>",
    
    "影片类型":"类型：&&立即播放",
    
    "影片状态":"更新：&&</p>",
    
    "数组":"<div class=\"stui-vodlist__box\">&&</a>",
    
    "图片":"data-original=\"&&\"",
    
    "标题":"title=\"&&\"",
    
    "副标题":"text-right\">&&</span>",
    
    "链接":"href=\"&&\"",
    
    "搜索url":"/search.php;post;searchword={wd}",
    
    "搜索数组":"v-thumb stui-vodlist__thumb&&</a>",
    
    "搜索图片":"data-original=\"&&\"",
    
    "搜索标题":"title=\"&&\"",
    
    "搜索副标题":"text-right\">&&</span>",
    
    "搜索链接":"href=\"&&\"",
    
    "线路数组":"data-toggle=\"tab\"&&</li>[替换:播放源1>>🐋路飞影视🐋线路①#播放源2>>🐋路飞影视🐋线路②#播放源3>>🐋路飞影视🐋线路③#播放源4>>🐋路飞影视🐋线路④#播放源5>>🐋路飞影视🐋线路⑤#播放源6>>🐋路飞影视🐋线路⑥]",
    
    "线路标题":">&&</a>",
    
    "播放数组":"stui-content__playlist clearfix&&</ul>",
    
    "播放列表":"<li>&&</li>",
    
    "播放标题":">&&</a>",
        
    "分类url":"http://www.qiyoudy1.com/list/{cateId}_{catePg}.html[http://www.qiyoudy1.com/list/{cateId}.html];;ak",
    
    "分类":"电影$1#电视剧$2#动漫$3#综艺$4",
    
    "筛选":{
    "1":[
    {"key":"by","name":"排序","value":[
    {"n":"时间排序","v":"time"},
    {"n":"人气排序","v":"score"},
    {"n":"评分排序","v":"hits"}
    ]
    }
    ],
    "2":[
    {"key":"by","name":"排序","value":[
    {"n":"时间排序","v":"time"},
    {"n":"人气排序","v":"score"},
    {"n":"评分排序","v":"hits"}
    ]
    }
    ],
    "3":[
    {"key":"by","name":"排序","value":[
    {"n":"时间排序","v":"time"},
    {"n":"人气排序","v":"score"},
    {"n":"评分排序","v":"hits"}
    ]
    }
    ],
    "4":[
    {"key":"by","name":"排序","value":[
    {"n":"时间排序","v":"time"},
    {"n":"人气排序","v":"score"},
    {"n":"评分排序","v":"hits"}
    ]
    }
    ]
    }
    }
    