    {
    
    "作者":"路飞影视",
    
    "站名":"维奇动漫",
    
    "主页url":"https://www.uiviki.com/",
    
    "简介":"路飞影视提醒您请勿相信影片中的广告，以免上当受骗！欢迎加入QQ交流群:996959090 +剧情简介</span>&&<span",
    
    "影片类型":"标签：&&</li>",
    
    "影片状态":"状态：&&</li>",
    
    "影片地区":"地区：&&</li>",
    
    "影片年代":"年代：&&</li>",
    
    "导演":"总导演：&&</span>",
    
    "主演":"声优：&&</li>",
    
    "数组":"<li class=\"col-xs-3\">&&</span>",
    
    "图片":"data-echo=\"&&\"",
    
    "线路数组":"id=\"two1\"&&/li>",
    
    "线路标题":"🐋路飞影视🐋+>&&<[替换:播放列表>>维奇专线]",
    
    "分类url":"https://www.uiviki.com/anime-select-{cateId}-{area}--{class}-{lang}----{catePg}---{year}.html;;akm0",
    
    "分类":"连载动漫$lianzai#日本动漫$riman#国产动漫$guoman",
    
    "筛选":{
    "lianzai":[
    {"key":"class","name":"类型","value":[
    {"n":"轻改","v":"轻改"},
    {"n":"游改","v":"游改"},
    {"n":"漫改","v":"漫改"},
    {"n":"原创","v":"原创"},
    {"n":"后宫","v":"后宫"},
    {"n":"乙女","v":"乙女"},
    {"n":"耽美","v":"耽美"},
    {"n":"百合","v":"百合"},
    {"n":"萌系","v":"萌系"},
    {"n":"搞笑","v":"搞笑"},
    {"n":"热血","v":"热血"},
    {"n":"催泪","v":"催泪"},
    {"n":"机战","v":"机战"},
    {"n":"恋爱","v":"恋爱"},
    {"n":"伪娘","v":"伪娘"},
    {"n":"科幻","v":"科幻"},
    {"n":"奇幻","v":"奇幻"},
    {"n":"推理","v":"推理"},
    {"n":"音乐","v":"音乐"},
    {"n":"校园","v":"校园"},
    {"n":"偶像","v":"偶像"},
    {"n":"异界","v":"异界"},
    {"n":"运动","v":"运动"},
    {"n":"少女","v":"少女"},
    {"n":"斗智","v":"斗智"},
    {"n":"战斗","v":"战斗"},
    {"n":"日常","v":"日常"},
    {"n":"魔法","v":"魔法"},
    {"n":"装逼","v":"装逼"},
    {"n":"治愈","v":"治愈"},
    {"n":"战争","v":"战争"},
    {"n":"历史","v":"历史"},
    {"n":"猎奇","v":"猎奇"},
    {"n":"致郁","v":"致郁"},
    {"n":"修仙","v":"修仙"},
    {"n":"美食","v":"美食"},
    {"n":"卖肉","v":"卖肉"},
    {"n":"励志","v":"励志"},
    {"n":"职场","v":"职场"},
    {"n":"神魔","v":"神魔"},
    {"n":"萝莉","v":"萝莉"},
    {"n":"御姐","v":"御姐"},
    {"n":"武侠","v":"武侠"},
    {"n":"穿越","v":"穿越"},
    {"n":"冒险","v":"冒险"}
    ]
    },
    {"key":"area","name":"地区","value":[
    {"n":"日本","v":"日本"},
    {"n":"韩国","v":"韩国"},
    {"n":"大陆","v":"大陆"},
    {"n":"台湾","v":"台湾"},
    {"n":"香港","v":"香港"},
    {"n":"美国","v":"美国"}
    ]
    },
    {"key":"lang","name":"语言","value":[
    {"n":"日语","v":"日语"},
    {"n":"英语","v":"英语"},
    {"n":"国语","v":"国语"},
    {"n":"台语","v":"台语"},
    {"n":"粤语","v":"粤语"},
    {"n":"韩语","v":"韩语"}
    ]
    },
    {"key":"yera","name":"时间","value":[
    {"n":"2022","v":"2022"},
    {"n":"2021","v":"2021"},
    {"n":"2020","v":"2020"},
    {"n":"2019","v":"2019"},
    {"n":"2018","v":"2018"},
    {"n":"2017","v":"2017"},
    {"n":"2016","v":"2016"},
    {"n":"2015","v":"2015"},
    {"n":"2014","v":"2014"},
    {"n":"2013","v":"2013"},
    {"n":"2012","v":"2012"},
    {"n":"2011","v":"2011"},
    {"n":"2010","v":"2010"},
    {"n":"2009","v":"2009"},
    {"n":"2008","v":"2008"}
    ]
    }
    ],
    "riman":[
    {"key":"class","name":"类型","value":[
    {"n":"轻改","v":"轻改"},
    {"n":"游改","v":"游改"},
    {"n":"漫改","v":"漫改"},
    {"n":"原创","v":"原创"},
    {"n":"后宫","v":"后宫"},
    {"n":"乙女","v":"乙女"},
    {"n":"耽美","v":"耽美"},
    {"n":"百合","v":"百合"},
    {"n":"萌系","v":"萌系"},
    {"n":"搞笑","v":"搞笑"},
    {"n":"热血","v":"热血"},
    {"n":"催泪","v":"催泪"},
    {"n":"机战","v":"机战"},
    {"n":"恋爱","v":"恋爱"},
    {"n":"伪娘","v":"伪娘"},
    {"n":"科幻","v":"科幻"},
    {"n":"奇幻","v":"奇幻"},
    {"n":"推理","v":"推理"},
    {"n":"音乐","v":"音乐"},
    {"n":"校园","v":"校园"},
    {"n":"偶像","v":"偶像"},
    {"n":"异界","v":"异界"},
    {"n":"运动","v":"运动"},
    {"n":"少女","v":"少女"},
    {"n":"斗智","v":"斗智"},
    {"n":"战斗","v":"战斗"},
    {"n":"日常","v":"日常"},
    {"n":"魔法","v":"魔法"},
    {"n":"装逼","v":"装逼"},
    {"n":"治愈","v":"治愈"},
    {"n":"战争","v":"战争"},
    {"n":"历史","v":"历史"},
    {"n":"猎奇","v":"猎奇"},
    {"n":"致郁","v":"致郁"},
    {"n":"修仙","v":"修仙"},
    {"n":"美食","v":"美食"},
    {"n":"卖肉","v":"卖肉"},
    {"n":"励志","v":"励志"},
    {"n":"职场","v":"职场"},
    {"n":"神魔","v":"神魔"},
    {"n":"萝莉","v":"萝莉"},
    {"n":"御姐","v":"御姐"},
    {"n":"武侠","v":"武侠"},
    {"n":"穿越","v":"穿越"},
    {"n":"冒险","v":"冒险"}
    ]
    },
    {"key":"area","name":"地区","value":[
    {"n":"日本","v":"日本"},
    {"n":"韩国","v":"韩国"},
    {"n":"大陆","v":"大陆"},
    {"n":"台湾","v":"台湾"},
    {"n":"香港","v":"香港"},
    {"n":"美国","v":"美国"}
    ]
    },
    {"key":"lang","name":"语言","value":[
    {"n":"日语","v":"日语"},
    {"n":"英语","v":"英语"},
    {"n":"国语","v":"国语"},
    {"n":"台语","v":"台语"},
    {"n":"粤语","v":"粤语"},
    {"n":"韩语","v":"韩语"}
    ]
    },
    {"key":"yera","name":"时间","value":[
    {"n":"2022","v":"2022"},
    {"n":"2021","v":"2021"},
    {"n":"2020","v":"2020"},
    {"n":"2019","v":"2019"},
    {"n":"2018","v":"2018"},
    {"n":"2017","v":"2017"},
    {"n":"2016","v":"2016"},
    {"n":"2015","v":"2015"},
    {"n":"2014","v":"2014"},
    {"n":"2013","v":"2013"},
    {"n":"2012","v":"2012"},
    {"n":"2011","v":"2011"},
    {"n":"2010","v":"2010"},
    {"n":"2009","v":"2009"},
    {"n":"2008","v":"2008"}
    ]
    }
    ],
    "guoman":[
    {"key":"class","name":"类型","value":[
    {"n":"轻改","v":"轻改"},
    {"n":"游改","v":"游改"},
    {"n":"漫改","v":"漫改"},
    {"n":"原创","v":"原创"},
    {"n":"后宫","v":"后宫"},
    {"n":"乙女","v":"乙女"},
    {"n":"耽美","v":"耽美"},
    {"n":"百合","v":"百合"},
    {"n":"萌系","v":"萌系"},
    {"n":"搞笑","v":"搞笑"},
    {"n":"热血","v":"热血"},
    {"n":"催泪","v":"催泪"},
    {"n":"机战","v":"机战"},
    {"n":"恋爱","v":"恋爱"},
    {"n":"伪娘","v":"伪娘"},
    {"n":"科幻","v":"科幻"},
    {"n":"奇幻","v":"奇幻"},
    {"n":"推理","v":"推理"},
    {"n":"音乐","v":"音乐"},
    {"n":"校园","v":"校园"},
    {"n":"偶像","v":"偶像"},
    {"n":"异界","v":"异界"},
    {"n":"运动","v":"运动"},
    {"n":"少女","v":"少女"},
    {"n":"斗智","v":"斗智"},
    {"n":"战斗","v":"战斗"},
    {"n":"日常","v":"日常"},
    {"n":"魔法","v":"魔法"},
    {"n":"装逼","v":"装逼"},
    {"n":"治愈","v":"治愈"},
    {"n":"战争","v":"战争"},
    {"n":"历史","v":"历史"},
    {"n":"猎奇","v":"猎奇"},
    {"n":"致郁","v":"致郁"},
    {"n":"修仙","v":"修仙"},
    {"n":"美食","v":"美食"},
    {"n":"卖肉","v":"卖肉"},
    {"n":"励志","v":"励志"},
    {"n":"职场","v":"职场"},
    {"n":"神魔","v":"神魔"},
    {"n":"萝莉","v":"萝莉"},
    {"n":"御姐","v":"御姐"},
    {"n":"武侠","v":"武侠"},
    {"n":"穿越","v":"穿越"},
    {"n":"冒险","v":"冒险"}
    ]
    },
    {"key":"area","name":"地区","value":[
    {"n":"日本","v":"日本"},
    {"n":"韩国","v":"韩国"},
    {"n":"大陆","v":"大陆"},
    {"n":"台湾","v":"台湾"},
    {"n":"香港","v":"香港"},
    {"n":"美国","v":"美国"}
    ]
    },
    {"key":"lang","name":"语言","value":[
    {"n":"日语","v":"日语"},
    {"n":"英语","v":"英语"},
    {"n":"国语","v":"国语"},
    {"n":"台语","v":"台语"},
    {"n":"粤语","v":"粤语"},
    {"n":"韩语","v":"韩语"}
    ]
    },
    {"key":"yera","name":"时间","value":[
    {"n":"2022","v":"2022"},
    {"n":"2021","v":"2021"},
    {"n":"2020","v":"2020"},
    {"n":"2019","v":"2019"},
    {"n":"2018","v":"2018"},
    {"n":"2017","v":"2017"},
    {"n":"2016","v":"2016"},
    {"n":"2015","v":"2015"},
    {"n":"2014","v":"2014"},
    {"n":"2013","v":"2013"},
    {"n":"2012","v":"2012"},
    {"n":"2011","v":"2011"},
    {"n":"2010","v":"2010"},
    {"n":"2009","v":"2009"},
    {"n":"2008","v":"2008"}
    ]
    }
    ]
    }
    }