    {
    
    "作者":"路飞影视",
    
    "站名":"奥特影视",
    
    "主页url":"https://auete.art/",
    
    "简介":"路飞影视提醒您请勿相信影片中的广告，以免上当受骗！欢迎加入QQ交流群:996959090 +百度百科\">&&</p>",
    
    "导演":"◎影片导演: &&</p>",
    
    "主演":"◎影片主演: &&</p>",
    
    "影片状态":"状态: &&</div>",
    
    "影片类型":"◎影片分类: &&</p>",
    
    "影片地区":"◎影片地区: &&</p>",
    
    "影片年代":"◎上映年份: &&-",
    
    "搜索url":"/auete2so.php?searchword={wd}",
    
    "搜索数组":"subject break-all\">&&<div class=\"text-muted small\">",
    
    "搜索标题":"text-danger\">&&</span>",
    
    "搜索副标题":"date text-grey\">&&</span>",
    
    "搜索图片":"http://img.vopox.net/wp-content/uploads/2023/03/y2fga2jzwq2.jpg",
    
    "搜索链接":"href=\"&&\"",
    
    "线路数组":"<h2 class=\"title border-top border-bottom mb-3 pt-2 pb-2\">&&<small>[不包含:线路#M线]",
    
    "线路标题":"🐋路飞影视🐋+』&&：",
    
    "播放数组":"<ul>&&</ul>",
    
    "播放标题":">&&</a>[替换:全>>空]",
    
    "播放列表":"<li&&</li>",
    
    "分类url":"https://auete.art/{cateId}/{class}/index{catePg}.html[https://auete.art/{cateId}/{class}/index.html];;ak",
    
    "分类":"电影$Movie#电视剧$Tv#综艺$Zy#动漫$Dm#其他$qita",
    
    "筛选":{
    "Tv":[
    {"key":"class","name":"类型","value":[
    {"n":"全部类型","v":""},
    {"n":"美剧","v":"oumei"},
    {"n":"韩剧","v":"hanju"},
    {"n":"日剧","v":"riju"},
    {"n":"泰剧","v":"yataiju"},
    {"n":"网剧","v":"wangju"},
    {"n":"台剧","v":"taiju"},
    {"n":"国产","v":"neidi"},
    {"n":"港剧","v":"tvbgj"},
    {"n":"英剧","v":"yingju"},
    {"n":"外剧","v":"waiju"}
    ]
    }
    ],
    "Movie":[
    {"key":"class","name":"类型","value":[
    {"n":"全部类型","v":""},
    {"n":"喜剧片","v":"xjp"},
    {"n":"动作片","v":"dzp"},
    {"n":"爱情片","v":"aqp"},
    {"n":"科幻片","v":"khp"},
    {"n":"恐怖片","v":"kbp"},
    {"n":"惊悚片","v":"jsp"},
    {"n":"战争片","v":"zzp"},
    {"n":"剧情片","v":"jqp"}
    ]
    }
    ],
    "Zy":[
    {"key":"class","name":"类型","value":[
    {"n":"全部类型","v":""},
    {"n":"国综","v":"guozong"},
    {"n":"韩综","v":"hanzong"},
    {"n":"美综","v":"meizong"}
    ]
    }
    ],
    "Dm":[
    {"key":"class","name":"类型","value":[
    {"n":"全部类型","v":""},
    {"n":"动画","v":"donghua"},
    {"n":"日漫","v":"riman"},
    {"n":"国漫","v":"guoman"},
    {"n":"美漫","v":"meiman"}
    ]
    }
    ],
    "qita":[
    {"key":"class","name":"类型","value":[
    {"n":"全部类型","v":""},
    {"n":"记录片","v":"Jlp"},
    {"n":"经典片","v":"Jdp"},
    {"n":"经典剧","v":"Jdj"},
    {"n":"网大电影","v":"wlp"},
    {"n":"国产老电影","v":"laodianying"}
    ]
    }
    ]
    }
    }
    